{"cameraMode":{"drawMode":0,"name":"Shaded","section":"Shading Mode"},"sceneLighting":true,"audioPlay":false,"sceneViewState":{"showFog":true,"showMaterialUpdate":false,"showSkybox":true,"showFlares":true,"showImageEffects":true,"showParticleSystems":true},"in2DMode":false,"pivot":{"x":-508.0400085449219,"y":-380.94000244140627,"z":-4.28000020980835},"rotation":{"x":0.16534371674060822,"y":-0.1953391134738922,"z":0.033430811017751697,"w":0.9661192893981934},"size":3.7770066261291506,"orthographic":true}